,airport,bus,metro,metro_station,park,public_square,shopping_mall,street_pedestrian,street_traffic,tram,accuracy,macro avg,weighted avg
precision,0.437125748502994,0.5797101449275363,0.504950495049505,0.5081081081081081,0.7189542483660131,0.2962962962962963,0.5719424460431655,0.3444976076555024,0.4688995215311005,0.4671814671814672,0.47934868943606035,0.4897666083661688,0.49223736398181855
recall,0.27547169811320754,0.6611570247933884,0.39080459770114945,0.36293436293436293,0.45454545454545453,0.2222222222222222,0.5698924731182796,0.582995951417004,0.7967479674796748,0.46360153256704983,0.47934868943606035,0.47803732848917935,0.47934868943606035
f1-score,0.33796296296296297,0.6177606177606177,0.44060475161987045,0.42342342342342343,0.5569620253164558,0.25396825396825395,0.5709156193895871,0.4330827067669173,0.5903614457831324,0.46538461538461534,0.47934868943606035,0.4690426422375837,0.4711341942675104
support,265.0,242.0,261.0,259.0,242.0,216.0,279.0,247.0,246.0,261.0,0.47934868943606035,2518.0,2518.0
