,airport,bus,metro,metro_station,park,public_square,shopping_mall,street_pedestrian,street_traffic,tram,accuracy,macro avg,weighted avg
precision,0.672514619883041,0.5643939393939394,0.45789473684210524,0.45,0.6384615384615384,0.28444444444444444,0.6472602739726028,0.3650190114068441,0.4601990049751244,0.5364238410596026,0.5031771247021446,0.5076611410439242,0.5126166863471424
recall,0.4339622641509434,0.6157024793388429,0.3333333333333333,0.5212355212355212,0.6859504132231405,0.2962962962962963,0.6774193548387096,0.38866396761133604,0.7520325203252033,0.3103448275862069,0.5031771247021446,0.5014940977939534,0.5031771247021446
f1-score,0.5275229357798165,0.5889328063241106,0.38580931263858087,0.4830053667262969,0.6613545816733067,0.2902494331065759,0.6619964973730297,0.3764705882352941,0.5709876543209876,0.39320388349514557,0.5031771247021446,0.49395330596731435,0.4970715085882511
support,265.0,242.0,261.0,259.0,242.0,216.0,279.0,247.0,246.0,261.0,0.5031771247021446,2518.0,2518.0
