,airport,bus,metro,metro_station,park,public_square,shopping_mall,street_pedestrian,street_traffic,tram,accuracy,macro avg,weighted avg
precision,0.555205047318612,0.5972222222222222,0.40728476821192056,0.4739583333333333,0.7533333333333333,0.27391304347826084,0.6317204301075269,0.3961352657004831,0.4837758112094395,0.49222797927461137,0.5047656870532169,0.5064776234189743,0.509833715245449
recall,0.6641509433962264,0.5330578512396694,0.47126436781609193,0.35135135135135137,0.4669421487603306,0.2916666666666667,0.8422939068100358,0.3319838056680162,0.6666666666666666,0.36398467432950193,0.5047656870532169,0.49833623827045576,0.5047656870532169
f1-score,0.6048109965635738,0.5633187772925764,0.43694493783303734,0.4035476718403548,0.5765306122448979,0.2825112107623318,0.7219662058371735,0.3612334801762115,0.5606837606837606,0.41850220264317184,0.5047656870532169,0.49300498558770894,0.4978208438098979
support,265.0,242.0,261.0,259.0,242.0,216.0,279.0,247.0,246.0,261.0,0.5047656870532169,2518.0,2518.0
