,bus,busystreet,office,openairmarket,park,quietstreet,restaurant,supermarket,tube,tubestation,accuracy,macro avg,weighted avg
precision,0.9966777408637874,0.8982035928143712,1.0,0.9891696750902527,0.9802631578947368,0.9779411764705882,0.9566666666666667,0.9706840390879479,0.9830508474576272,0.9345794392523364,0.9673333333333334,0.9687236335598316,0.9687236335598315
recall,1.0,1.0,0.9633333333333334,0.9133333333333333,0.9933333333333333,0.8866666666666667,0.9566666666666667,0.9933333333333333,0.9666666666666667,1.0,0.9673333333333334,0.9673333333333334,0.9673333333333334
f1-score,0.9983361064891847,0.9463722397476341,0.9813242784380306,0.949740034662045,0.9867549668874172,0.9300699300699301,0.9566666666666667,0.9818780889621088,0.9747899159663865,0.966183574879227,0.9673333333333334,0.9672115802768632,0.967211580276863
support,300.0,300.0,300.0,300.0,300.0,300.0,300.0,300.0,300.0,300.0,0.9673333333333334,3000.0,3000.0
