,airport,bus,metro,metro_station,park,public_square,shopping_mall,street_pedestrian,street_traffic,tram,accuracy,macro avg,weighted avg
precision,0.9965753424657534,0.964516129032258,1.0,0.8731117824773413,0.9451612903225807,0.9318181818181818,0.991869918699187,0.9272151898734177,0.9691780821917808,0.9572368421052632,0.9536666666666667,0.9556682758985765,0.9556682758985765
recall,0.97,0.9966666666666667,0.97,0.9633333333333334,0.9766666666666667,0.9566666666666667,0.8133333333333334,0.9766666666666667,0.9433333333333334,0.97,0.9536666666666667,0.9536666666666667,0.9536666666666667
f1-score,0.9831081081081081,0.980327868852459,0.9847715736040609,0.9160063391442155,0.9606557377049181,0.944078947368421,0.8937728937728938,0.9512987012987013,0.9560810810810811,0.9635761589403974,0.9536666666666667,0.9533677409875254,0.9533677409875255
support,300.0,300.0,300.0,300.0,300.0,300.0,300.0,300.0,300.0,300.0,0.9536666666666667,3000.0,3000.0
