,airport,bus,metro,metro_station,park,public_square,shopping_mall,street_pedestrian,street_traffic,tram,accuracy,macro avg,weighted avg
precision,0.9594594594594594,0.7901234567901234,1.0,0.7463768115942029,0.7252475247524752,0.7719298245614035,0.8174603174603174,0.8512658227848101,0.8878787878787879,0.8433734939759037,0.835,0.8393115499257483,0.8393115499257484
recall,0.9466666666666667,0.8533333333333334,0.8066666666666666,0.6866666666666666,0.9766666666666667,0.5866666666666667,0.6866666666666666,0.8966666666666666,0.9766666666666667,0.9333333333333333,0.835,0.835,0.835
f1-score,0.9530201342281879,0.8205128205128205,0.8929889298892989,0.7152777777777777,0.8323863636363636,0.6666666666666666,0.7463768115942029,0.8733766233766233,0.9301587301587302,0.8860759493670886,0.835,0.8316840807207759,0.8316840807207759
support,300.0,300.0,300.0,300.0,300.0,300.0,300.0,300.0,300.0,300.0,0.835,3000.0,3000.0
