,bus,busystreet,office,openairmarket,park,quietstreet,restaurant,supermarket,tube,tubestation,accuracy,macro avg,weighted avg
precision,0.9844961240310077,0.8405172413793104,0.8698412698412699,0.7246376811594203,0.7598684210526315,0.5951219512195122,0.7423312883435583,0.8061224489795918,0.9541284403669725,0.7193460490463215,0.783,0.7996410915419596,0.7996410915419596
recall,0.8466666666666667,0.65,0.9133333333333333,0.6666666666666666,0.77,0.8133333333333334,0.8066666666666666,0.79,0.6933333333333334,0.88,0.783,0.783,0.783
f1-score,0.910394265232975,0.7330827067669174,0.8910569105691056,0.6944444444444444,0.7649006622516556,0.6873239436619718,0.7731629392971245,0.7979797979797979,0.8030888030888031,0.7916041979010495,0.783,0.7847038671193844,0.7847038671193846
support,300.0,300.0,300.0,300.0,300.0,300.0,300.0,300.0,300.0,300.0,0.783,3000.0,3000.0
